Id,Prediction
0,negative
1,negative
2,neutral
3,negative
4,positive
5,negative
6,negative
7,negative
8,negative
9,positive
10,negative
11,negative
12,negative
13,negative
14,negative
15,positive
16,negative
17,neutral
18,negative
19,positive
20,neutral
21,negative
22,negative
23,negative
24,negative
25,negative
26,positive
27,negative
28,neutral
29,negative
30,negative
31,negative
32,negative
33,negative
34,negative
35,positive
36,negative
37,negative
38,negative
39,negative
40,neutral
41,positive
42,negative
43,negative
44,negative
45,negative
46,negative
47,negative
48,negative
49,positive
50,negative
51,negative
52,negative
53,neutral
54,negative
55,negative
56,negative
57,negative
58,negative
59,negative
60,negative
61,negative
62,negative
63,negative
64,negative
65,negative
66,neutral
67,negative
68,negative
69,negative
70,negative
71,negative
72,negative
73,negative
74,negative
75,neutral
76,negative
77,neutral
78,negative
79,negative
80,negative
81,negative
82,negative
83,negative
84,positive
85,negative
86,negative
87,negative
88,negative
89,negative
90,negative
91,negative
92,negative
93,neutral
94,negative
95,negative
96,negative
97,neutral
98,neutral
99,negative
100,negative
101,negative
102,negative
103,negative
104,negative
105,negative
106,negative
107,negative
108,neutral
109,positive
110,negative
111,negative
112,positive
113,negative
114,negative
115,neutral
116,negative
117,negative
118,negative
119,negative
120,negative
121,negative
122,positive
123,positive
124,negative
125,neutral
126,negative
127,neutral
128,negative
129,positive
130,negative
131,negative
132,negative
133,negative
134,positive
135,negative
136,negative
137,neutral
138,negative
139,negative
140,negative
141,negative
142,negative
143,negative
144,negative
145,negative
146,neutral
147,negative
148,negative
149,negative
150,negative
151,negative
152,neutral
153,neutral
154,negative
155,negative
156,negative
157,neutral
158,negative
159,negative
160,neutral
161,negative
162,negative
163,negative
164,negative
165,negative
166,positive
167,negative
168,negative
169,negative
170,negative
171,negative
172,neutral
173,negative
174,negative
175,negative
176,positive
177,negative
178,negative
179,negative
180,neutral
181,positive
182,neutral
183,negative
184,negative
185,positive
186,neutral
187,neutral
188,negative
189,negative
190,negative
191,neutral
192,negative
193,positive
194,negative
195,positive
196,negative
197,negative
198,negative
199,negative
200,negative
201,neutral
202,negative
203,negative
204,neutral
205,negative
206,positive
207,negative
208,neutral
209,negative
210,negative
211,negative
212,negative
213,negative
214,negative
215,neutral
216,negative
217,positive
218,positive
219,negative
220,negative
221,neutral
222,neutral
223,negative
224,neutral
225,negative
226,negative
227,negative
228,negative
229,negative
230,neutral
231,negative
232,negative
233,negative
234,negative
235,neutral
236,positive
237,positive
238,negative
239,positive
240,neutral
241,negative
242,positive
243,negative
244,negative
245,negative
246,negative
247,neutral
248,neutral
249,negative
250,negative
251,negative
252,negative
253,negative
254,positive
255,negative
256,negative
257,negative
258,negative
259,negative
260,positive
261,negative
262,negative
263,negative
264,negative
265,negative
266,negative
267,negative
268,neutral
269,neutral
270,negative
271,positive
272,positive
273,neutral
274,negative
275,negative
276,positive
277,negative
278,negative
279,negative
280,neutral
281,neutral
282,positive
283,negative
284,negative
285,positive
286,negative
287,positive
288,neutral
289,positive
290,negative
291,negative
292,neutral
293,negative
294,neutral
295,neutral
296,negative
297,negative
298,negative
299,negative
300,negative
301,neutral
302,neutral
303,negative
304,negative
305,negative
306,negative
307,negative
308,negative
309,negative
310,negative
311,negative
312,negative
313,negative
314,negative
315,neutral
316,negative
317,positive
318,negative
319,neutral
320,negative
321,positive
322,negative
323,negative
324,negative
325,negative
326,negative
327,negative
328,neutral
329,neutral
330,neutral
331,negative
332,positive
333,negative
334,negative
335,neutral
336,negative
337,negative
338,negative
339,negative
340,negative
341,negative
342,negative
343,positive
344,negative
345,negative
346,neutral
347,positive
348,negative
349,negative
350,negative
351,negative
352,negative
353,negative
354,negative
355,positive
356,negative
357,negative
358,negative
359,negative
360,negative
361,negative
362,negative
363,negative
364,neutral
365,negative
366,negative
367,neutral
368,negative
369,negative
370,negative
371,neutral
372,negative
373,negative
374,negative
375,neutral
376,negative
377,positive
378,negative
379,negative
380,negative
381,negative
382,negative
383,negative
384,negative
385,negative
386,positive
387,negative
388,negative
389,negative
390,negative
391,negative
392,negative
393,negative
394,positive
395,positive
396,negative
397,negative
398,negative
399,positive
400,negative
401,negative
402,negative
403,negative
404,negative
405,negative
406,negative
407,negative
408,negative
409,negative
410,negative
411,positive
412,negative
413,negative
414,neutral
415,positive
416,positive
417,negative
418,negative
419,negative
420,negative
421,negative
422,neutral
423,negative
424,negative
425,neutral
426,negative
427,positive
428,negative
429,neutral
430,negative
431,negative
432,negative
433,neutral
434,negative
435,negative
436,neutral
437,negative
438,negative
439,negative
440,positive
441,negative
442,negative
443,negative
444,negative
445,neutral
446,negative
447,negative
448,neutral
449,negative
450,negative
451,negative
452,negative
453,neutral
454,positive
455,negative
456,neutral
457,negative
458,neutral
459,negative
460,negative
461,negative
462,negative
463,negative
464,negative
465,negative
466,negative
467,negative
468,negative
469,negative
470,negative
471,negative
472,negative
473,negative
474,negative
475,negative
476,positive
477,negative
478,negative
479,positive
480,negative
481,negative
482,negative
483,positive
484,negative
485,negative
486,negative
487,neutral
488,negative
489,negative
490,negative
491,positive
492,negative
493,negative
494,negative
495,negative
496,negative
497,negative
498,positive
499,neutral
500,negative
501,negative
502,negative
503,negative
504,negative
505,neutral
506,negative
507,neutral
508,positive
509,negative
510,neutral
511,negative
512,negative
513,negative
514,negative
515,negative
516,negative
517,negative
518,neutral
519,negative
520,negative
521,neutral
522,negative
523,negative
524,negative
525,neutral
526,positive
527,negative
528,negative
529,neutral
530,negative
531,neutral
532,neutral
533,negative
534,neutral
535,negative
536,negative
537,negative
538,positive
539,negative
540,negative
541,negative
542,negative
543,negative
544,neutral
545,negative
546,negative
547,positive
548,negative
549,negative
550,negative
551,neutral
552,negative
553,negative
554,negative
555,negative
556,negative
557,negative
558,negative
559,negative
560,negative
561,negative
562,negative
563,neutral
564,positive
565,negative
566,negative
567,negative
568,negative
569,negative
570,negative
571,negative
572,negative
573,negative
574,negative
575,negative
576,negative
577,negative
578,negative
579,neutral
580,positive
581,negative
582,positive
583,negative
584,negative
585,positive
586,negative
587,negative
588,negative
589,negative
590,neutral
591,negative
592,neutral
593,positive
594,negative
595,negative
596,negative
597,negative
598,negative
599,positive
600,neutral
601,positive
602,negative
603,positive
604,negative
605,negative
606,negative
607,neutral
608,positive
609,negative
610,negative
611,neutral
612,negative
613,neutral
614,negative
615,negative
616,negative
617,neutral
618,negative
619,negative
620,negative
621,neutral
622,negative
623,negative
624,negative
625,negative
626,negative
627,negative
628,neutral
629,negative
630,neutral
631,negative
632,negative
633,negative
634,negative
635,negative
636,negative
637,negative
638,negative
639,negative
640,positive
641,negative
642,negative
643,negative
644,positive
645,negative
646,positive
647,negative
648,negative
649,negative
650,negative
651,negative
652,negative
653,neutral
654,positive
655,negative
656,negative
657,negative
658,negative
659,negative
660,negative
661,positive
662,negative
663,negative
664,negative
665,neutral
666,positive
667,positive
668,negative
669,negative
670,negative
671,positive
672,neutral
673,negative
674,negative
675,negative
676,negative
677,negative
678,negative
679,negative
680,neutral
681,negative
682,negative
683,neutral
684,neutral
685,negative
686,negative
687,negative
688,neutral
689,negative
690,neutral
691,negative
692,negative
693,negative
694,negative
695,neutral
696,negative
697,positive
698,neutral
699,negative
700,negative
701,negative
702,negative
703,negative
704,negative
705,negative
706,negative
707,negative
708,negative
709,negative
710,negative
711,negative
712,neutral
713,neutral
714,negative
715,negative
716,negative
717,negative
718,negative
719,negative
720,positive
721,negative
722,negative
723,negative
724,negative
725,negative
726,negative
727,negative
728,negative
729,positive
730,negative
731,positive
732,neutral
733,negative
734,neutral
735,negative
736,negative
737,positive
738,negative
739,negative
740,negative
741,negative
742,neutral
743,neutral
744,negative
745,positive
746,negative
747,negative
748,negative
749,negative
750,negative
751,negative
752,negative
753,negative
754,negative
755,positive
756,negative
757,negative
758,negative
759,neutral
760,negative
761,negative
762,neutral
763,neutral
764,positive
765,positive
766,negative
767,negative
768,negative
769,positive
770,negative
771,positive
772,negative
773,positive
774,negative
775,negative
776,negative
777,positive
778,negative
779,negative
780,negative
781,negative
782,negative
783,negative
784,negative
785,neutral
786,negative
787,negative
788,negative
789,neutral
790,negative
791,negative
792,negative
793,negative
794,negative
795,negative
796,neutral
797,negative
798,negative
799,negative
800,negative
801,negative
802,negative
803,negative
804,neutral
805,negative
806,negative
807,negative
808,negative
809,neutral
810,negative
811,negative
812,neutral
813,negative
814,positive
815,negative
816,negative
817,negative
818,neutral
819,negative
820,neutral
821,negative
822,negative
823,negative
824,negative
825,negative
826,negative
827,negative
828,negative
829,negative
830,negative
831,negative
832,negative
833,negative
834,negative
835,neutral
836,neutral
837,negative
838,negative
839,positive
840,negative
841,negative
842,neutral
843,negative
844,positive
845,negative
846,negative
847,negative
848,negative
849,positive
850,negative
851,negative
852,neutral
853,neutral
854,negative
855,negative
856,negative
857,positive
858,negative
859,neutral
860,negative
861,negative
862,neutral
863,negative
864,neutral
865,negative
866,negative
867,negative
868,negative
869,neutral
870,negative
871,negative
872,negative
873,negative
874,positive
875,negative
876,neutral
877,negative
878,negative
879,negative
880,negative
881,negative
882,negative
883,positive
884,negative
885,neutral
886,negative
887,positive
888,negative
889,negative
890,negative
891,positive
892,negative
893,negative
894,neutral
895,negative
896,negative
897,negative
898,negative
899,negative
900,negative
901,positive
902,negative
903,negative
904,neutral
905,positive
906,positive
907,negative
908,negative
909,negative
910,negative
911,negative
912,neutral
913,neutral
914,negative
915,positive
916,negative
917,negative
918,negative
919,negative
920,negative
921,negative
922,negative
923,negative
924,negative
925,negative
926,negative
927,negative
928,negative
929,negative
930,neutral
931,negative
932,negative
933,neutral
934,negative
935,positive
936,negative
937,negative
938,neutral
939,positive
940,positive
941,negative
942,negative
943,negative
944,negative
945,negative
946,negative
947,negative
948,negative
949,negative
950,negative
951,negative
952,negative
953,negative
954,negative
955,positive
956,negative
957,negative
958,positive
959,positive
960,negative
961,negative
962,negative
963,negative
964,negative
965,negative
966,negative
967,negative
968,negative
969,neutral
970,negative
971,neutral
972,negative
973,negative
974,negative
975,negative
976,positive
977,negative
978,negative
979,neutral
980,negative
981,negative
982,negative
983,negative
984,negative
985,negative
986,positive
987,negative
988,negative
989,negative
990,negative
991,negative
992,positive
993,negative
994,negative
995,negative
996,negative
997,negative
998,negative
999,negative
1000,positive
1001,negative
1002,positive
1003,negative
1004,positive
1005,neutral
1006,negative
1007,negative
1008,negative
1009,negative
1010,negative
1011,positive
1012,negative
1013,negative
1014,neutral
1015,positive
1016,negative
1017,negative
1018,positive
1019,negative
1020,negative
1021,negative
1022,negative
1023,negative
1024,positive
1025,negative
1026,neutral
1027,negative
1028,neutral
1029,negative
1030,negative
1031,neutral
1032,negative
1033,negative
1034,negative
1035,positive
1036,negative
1037,negative
1038,negative
1039,positive
1040,negative
1041,negative
1042,negative
1043,neutral
1044,negative
1045,negative
1046,negative
1047,negative
1048,negative
1049,negative
1050,negative
1051,negative
1052,negative
1053,negative
1054,negative
1055,positive
1056,neutral
1057,negative
1058,positive
1059,negative
1060,positive
1061,positive
1062,negative
1063,neutral
1064,neutral
1065,negative
1066,negative
1067,negative
1068,positive
1069,negative
1070,negative
1071,negative
1072,negative
1073,negative
1074,negative
1075,negative
1076,negative
1077,positive
1078,negative
1079,negative
1080,neutral
1081,negative
1082,negative
1083,negative
1084,positive
1085,negative
1086,positive
1087,positive
1088,positive
1089,negative
1090,negative
1091,negative
1092,negative
1093,negative
1094,negative
1095,neutral
1096,neutral
1097,neutral
1098,negative
1099,negative
1100,neutral
1101,negative
1102,negative
1103,negative
1104,negative
1105,negative
1106,neutral
1107,neutral
1108,positive
1109,neutral
1110,negative
1111,negative
1112,negative
1113,negative
1114,negative
1115,negative
1116,negative
1117,negative
1118,negative
1119,negative
1120,negative
1121,negative
1122,negative
1123,negative
1124,negative
1125,positive
1126,negative
1127,negative
1128,negative
1129,negative
1130,negative
1131,negative
1132,negative
1133,positive
1134,neutral
1135,negative
1136,positive
1137,neutral
1138,negative
1139,positive
1140,negative
1141,negative
1142,negative
1143,negative
1144,negative
1145,negative
1146,negative
1147,negative
1148,negative
1149,neutral
1150,negative
1151,positive
1152,negative
1153,negative
1154,positive
1155,negative
1156,negative
1157,negative
1158,negative
1159,neutral
1160,negative
1161,negative
1162,negative
1163,negative
1164,negative
1165,neutral
1166,negative
1167,neutral
1168,negative
1169,negative
1170,negative
1171,neutral
1172,neutral
1173,neutral
1174,negative
1175,neutral
1176,negative
1177,positive
1178,negative
1179,negative
1180,negative
1181,negative
1182,negative
1183,negative
1184,negative
1185,negative
1186,negative
1187,negative
1188,negative
1189,negative
1190,positive
1191,negative
1192,negative
1193,negative
1194,negative
1195,negative
1196,negative
1197,negative
1198,neutral
1199,negative
1200,negative
1201,negative
1202,positive
1203,negative
1204,negative
1205,negative
1206,negative
1207,positive
1208,neutral
1209,negative
1210,negative
1211,positive
1212,negative
1213,negative
1214,negative
1215,neutral
1216,neutral
1217,neutral
1218,positive
1219,neutral
1220,neutral
1221,negative
1222,negative
1223,neutral
1224,negative
1225,negative
1226,negative
1227,neutral
1228,positive
1229,neutral
1230,negative
1231,positive
1232,neutral
1233,positive
1234,negative
1235,negative
1236,neutral
1237,neutral
1238,positive
1239,negative
1240,negative
1241,negative
1242,negative
1243,negative
1244,positive
1245,positive
1246,neutral
1247,negative
1248,negative
1249,negative
1250,negative
1251,positive
1252,negative
1253,negative
1254,negative
1255,negative
1256,negative
1257,neutral
1258,negative
1259,negative
1260,neutral
1261,positive
1262,positive
1263,negative
1264,negative
1265,negative
1266,neutral
1267,negative
1268,neutral
1269,negative
1270,negative
1271,negative
1272,negative
1273,negative
1274,negative
1275,negative
1276,positive
1277,neutral
1278,negative
1279,negative
1280,negative
1281,negative
1282,negative
1283,negative
1284,neutral
1285,negative
1286,neutral
1287,positive
1288,neutral
1289,negative
1290,negative
1291,negative
1292,negative
1293,negative
1294,positive
1295,negative
1296,positive
1297,negative
1298,negative
1299,positive
1300,negative
1301,negative
1302,negative
1303,negative
1304,negative
1305,neutral
1306,negative
1307,neutral
1308,negative
1309,negative
1310,negative
1311,negative
1312,negative
1313,negative
1314,positive
1315,positive
1316,negative
1317,negative
1318,negative
1319,negative
1320,negative
1321,negative
1322,negative
1323,negative
1324,negative
1325,negative
1326,positive
1327,negative
1328,neutral
1329,negative
1330,negative
1331,negative
1332,negative
1333,positive
1334,negative
1335,negative
1336,positive
1337,negative
1338,negative
1339,positive
1340,negative
1341,negative
1342,neutral
1343,negative
1344,negative
1345,positive
1346,negative
1347,negative
1348,positive
1349,positive
1350,neutral
1351,negative
1352,negative
1353,negative
1354,neutral
1355,neutral
1356,negative
1357,neutral
1358,negative
1359,negative
1360,negative
1361,positive
1362,neutral
1363,negative
1364,negative
1365,negative
1366,negative
1367,negative
1368,negative
1369,neutral
1370,negative
1371,negative
1372,positive
1373,neutral
1374,negative
1375,negative
1376,positive
1377,neutral
1378,positive
1379,positive
1380,negative
1381,neutral
1382,neutral
1383,negative
1384,negative
1385,neutral
1386,negative
1387,negative
1388,negative
1389,negative
1390,positive
1391,negative
1392,negative
1393,negative
1394,negative
1395,neutral
1396,neutral
1397,negative
1398,negative
1399,negative
1400,negative
1401,negative
1402,negative
1403,negative
1404,negative
1405,negative
1406,negative
1407,negative
1408,negative
1409,neutral
1410,negative
1411,negative
1412,positive
1413,negative
1414,negative
1415,neutral
1416,positive
1417,negative
1418,negative
1419,negative
1420,negative
1421,negative
1422,neutral
1423,negative
1424,negative
1425,negative
1426,negative
1427,negative
1428,negative
1429,negative
1430,negative
1431,negative
1432,negative
1433,positive
1434,negative
1435,negative
1436,negative
1437,negative
1438,neutral
1439,negative
1440,neutral
1441,negative
1442,negative
1443,negative
1444,negative
1445,negative
1446,positive
1447,negative
1448,negative
1449,negative
1450,neutral
1451,negative
1452,positive
1453,negative
1454,negative
1455,negative
1456,negative
1457,negative
1458,negative
1459,negative
1460,negative
1461,neutral
1462,negative
1463,positive
1464,negative
1465,negative
1466,negative
1467,negative
1468,negative
1469,negative
1470,negative
1471,positive
1472,negative
1473,neutral
1474,neutral
1475,negative
1476,negative
1477,negative
1478,negative
1479,negative
1480,negative
1481,negative
1482,positive
1483,negative
1484,negative
1485,negative
1486,negative
1487,negative
1488,negative
1489,negative
1490,negative
1491,negative
1492,negative
1493,negative
1494,negative
1495,neutral
1496,negative
1497,negative
1498,negative
1499,negative
1500,negative
1501,negative
1502,positive
1503,negative
1504,negative
1505,negative
1506,negative
1507,negative
1508,negative
1509,negative
1510,negative
1511,negative
1512,negative
1513,negative
1514,negative
1515,positive
1516,negative
1517,negative
1518,negative
1519,negative
1520,neutral
1521,negative
1522,negative
1523,negative
1524,negative
1525,negative
1526,negative
1527,negative
1528,negative
1529,negative
1530,negative
1531,negative
1532,negative
1533,negative
1534,positive
1535,negative
1536,negative
1537,negative
1538,negative
1539,negative
1540,positive
1541,negative
1542,negative
1543,negative
1544,neutral
1545,positive
1546,negative
1547,negative
1548,negative
1549,negative
1550,positive
1551,negative
1552,neutral
1553,negative
1554,negative
1555,negative
1556,neutral
1557,positive
1558,negative
1559,negative
1560,negative
1561,negative
1562,negative
1563,negative
1564,negative
1565,negative
1566,positive
1567,negative
1568,negative
1569,negative
1570,negative
1571,negative
1572,negative
1573,negative
1574,positive
1575,negative
1576,neutral
1577,neutral
1578,positive
1579,negative
1580,negative
1581,negative
1582,negative
1583,neutral
1584,negative
1585,negative
1586,negative
1587,negative
1588,negative
1589,negative
1590,negative
1591,neutral
1592,negative
1593,neutral
1594,negative
1595,neutral
1596,negative
1597,negative
1598,negative
1599,negative
1600,negative
1601,negative
1602,negative
1603,negative
1604,positive
1605,neutral
1606,negative
1607,negative
1608,negative
1609,positive
1610,negative
1611,negative
1612,negative
1613,negative
1614,negative
1615,negative
1616,negative
1617,negative
1618,negative
1619,negative
1620,negative
1621,negative
1622,negative
1623,neutral
1624,negative
1625,negative
1626,positive
1627,negative
1628,negative
1629,neutral
1630,neutral
1631,negative
1632,negative
1633,positive
1634,negative
1635,neutral
1636,negative
1637,negative
1638,negative
1639,negative
1640,neutral
1641,negative
1642,negative
1643,negative
1644,negative
1645,negative
1646,negative
1647,negative
1648,neutral
1649,negative
1650,neutral
1651,neutral
1652,negative
1653,negative
1654,neutral
1655,neutral
1656,negative
1657,negative
1658,negative
1659,neutral
1660,negative
1661,negative
1662,negative
1663,negative
1664,negative
1665,negative
1666,negative
1667,positive
1668,negative
1669,negative
1670,negative
1671,neutral
1672,neutral
1673,negative
1674,negative
1675,negative
1676,negative
1677,negative
1678,negative
1679,negative
1680,negative
1681,negative
1682,negative
1683,negative
1684,neutral
1685,neutral
1686,neutral
1687,negative
1688,negative
1689,neutral
1690,negative
1691,negative
1692,negative
1693,neutral
1694,positive
1695,neutral
1696,negative
1697,negative
1698,negative
1699,positive
1700,neutral
1701,positive
1702,negative
1703,negative
1704,negative
1705,negative
1706,negative
1707,neutral
1708,negative
1709,negative
1710,neutral
1711,negative
1712,negative
1713,negative
1714,negative
1715,negative
1716,positive
1717,neutral
1718,neutral
1719,negative
1720,negative
1721,negative
1722,negative
1723,negative
1724,negative
1725,neutral
1726,positive
1727,neutral
1728,positive
1729,neutral
1730,negative
1731,negative
1732,negative
1733,negative
1734,negative
1735,negative
1736,negative
1737,positive
1738,negative
1739,negative
1740,neutral
1741,negative
1742,negative
1743,negative
1744,negative
1745,negative
1746,negative
1747,neutral
1748,positive
1749,negative
1750,negative
1751,negative
1752,negative
1753,neutral
1754,negative
1755,negative
1756,negative
1757,negative
1758,negative
1759,neutral
1760,negative
1761,neutral
1762,negative
1763,neutral
1764,negative
1765,negative
1766,negative
1767,positive
1768,negative
1769,neutral
1770,negative
1771,neutral
1772,negative
1773,negative
1774,positive
1775,negative
1776,positive
1777,negative
1778,negative
1779,negative
1780,negative
1781,negative
1782,positive
1783,negative
1784,positive
1785,neutral
1786,negative
1787,negative
1788,neutral
1789,negative
1790,negative
1791,negative
1792,negative
1793,neutral
1794,negative
1795,negative
1796,negative
1797,negative
1798,negative
1799,negative
1800,negative
1801,neutral
1802,neutral
1803,negative
1804,negative
1805,positive
1806,negative
1807,neutral
1808,neutral
1809,negative
1810,neutral
1811,negative
1812,positive
1813,negative
1814,positive
1815,negative
1816,neutral
1817,negative
1818,neutral
1819,neutral
1820,negative
1821,negative
1822,negative
1823,neutral
1824,neutral
1825,negative
1826,neutral
1827,negative
1828,positive
1829,negative
1830,negative
1831,negative
1832,negative
1833,neutral
1834,negative
1835,negative
1836,negative
1837,positive
1838,negative
1839,negative
1840,negative
1841,positive
1842,positive
1843,negative
1844,negative
1845,negative
1846,negative
1847,positive
1848,negative
1849,neutral
1850,negative
1851,negative
1852,negative
1853,negative
1854,negative
1855,negative
1856,negative
1857,negative
1858,negative
1859,negative
1860,negative
1861,negative
1862,negative
1863,negative
1864,negative
1865,negative
1866,neutral
1867,negative
1868,positive
1869,neutral
1870,negative
1871,negative
1872,negative
1873,negative
1874,negative
1875,negative
1876,negative
1877,negative
1878,positive
1879,negative
1880,negative
1881,negative
1882,negative
1883,negative
1884,negative
1885,negative
1886,negative
1887,negative
1888,negative
1889,negative
1890,negative
1891,negative
1892,negative
1893,negative
1894,negative
1895,neutral
1896,negative
1897,negative
1898,negative
1899,negative
1900,negative
1901,negative
1902,neutral
1903,positive
1904,negative
1905,negative
1906,negative
1907,negative
1908,negative
1909,neutral
1910,negative
1911,neutral
1912,negative
1913,negative
1914,negative
1915,negative
1916,negative
1917,negative
1918,negative
1919,negative
1920,negative
1921,positive
1922,negative
1923,positive
1924,neutral
1925,negative
1926,negative
1927,negative
1928,negative
1929,neutral
1930,negative
1931,negative
1932,negative
1933,neutral
1934,negative
1935,neutral
1936,neutral
1937,negative
1938,neutral
1939,negative
1940,negative
1941,negative
1942,negative
1943,negative
1944,neutral
1945,negative
1946,neutral
1947,negative
1948,negative
1949,positive
1950,negative
1951,negative
1952,negative
1953,neutral
1954,negative
1955,neutral
1956,negative
1957,positive
1958,negative
1959,negative
1960,negative
1961,neutral
1962,neutral
1963,negative
1964,negative
1965,negative
1966,negative
1967,negative
1968,negative
1969,negative
1970,negative
1971,negative
1972,negative
1973,negative
1974,negative
1975,negative
1976,negative
1977,positive
1978,negative
1979,negative
1980,positive
1981,neutral
1982,negative
1983,negative
1984,negative
1985,negative
1986,negative
1987,neutral
1988,negative
1989,negative
1990,negative
1991,negative
1992,negative
1993,neutral
1994,neutral
1995,neutral
1996,negative
1997,negative
1998,negative
1999,negative
2000,negative
2001,negative
2002,negative
2003,positive
2004,negative
2005,positive
2006,negative
2007,negative
2008,negative
2009,negative
2010,negative
2011,negative
2012,negative
2013,negative
2014,negative
2015,positive
2016,negative
2017,positive
2018,negative
2019,negative
2020,positive
2021,negative
2022,negative
2023,neutral
2024,negative
2025,negative
2026,negative
2027,negative
2028,negative
2029,negative
2030,positive
2031,negative
2032,positive
2033,negative
2034,neutral
2035,negative
2036,negative
2037,negative
2038,negative
2039,negative
2040,neutral
2041,negative
2042,negative
2043,neutral
2044,negative
2045,neutral
2046,negative
2047,positive
2048,negative
2049,negative
2050,positive
2051,neutral
2052,negative
2053,negative
2054,negative
2055,negative
2056,negative
2057,positive
2058,positive
2059,negative
2060,negative
2061,negative
2062,negative
2063,negative
2064,negative
2065,negative
2066,negative
2067,negative
2068,neutral
2069,negative
2070,negative
2071,negative
2072,negative
2073,negative
2074,negative
2075,negative
2076,negative
2077,positive
2078,negative
2079,negative
2080,positive
2081,negative
2082,negative
2083,neutral
2084,negative
2085,negative
2086,positive
2087,negative
2088,negative
2089,negative
2090,negative
2091,negative
2092,positive
2093,neutral
2094,negative
2095,negative
2096,negative
2097,negative
2098,positive
2099,negative
2100,positive
2101,neutral
2102,negative
2103,negative
2104,negative
2105,negative
2106,negative
2107,neutral
2108,neutral
2109,negative
2110,negative
2111,negative
2112,negative
2113,neutral
2114,negative
2115,neutral
2116,neutral
2117,positive
2118,negative
2119,negative
2120,negative
2121,negative
2122,negative
2123,neutral
2124,negative
2125,negative
2126,negative
2127,negative
2128,negative
2129,neutral
2130,positive
2131,negative
2132,negative
2133,negative
2134,negative
2135,negative
2136,negative
2137,negative
2138,negative
2139,negative
2140,negative
2141,negative
2142,positive
2143,negative
2144,negative
2145,negative
2146,neutral
2147,positive
2148,negative
2149,negative
2150,negative
2151,negative
2152,negative
2153,negative
2154,negative
2155,positive
2156,positive
2157,negative
2158,negative
2159,positive
2160,negative
2161,negative
2162,neutral
2163,neutral
2164,negative
2165,negative
2166,negative
2167,negative
2168,neutral
2169,negative
2170,negative
2171,positive
2172,negative
2173,negative
2174,negative
2175,negative
2176,negative
2177,negative
2178,negative
2179,neutral
2180,negative
2181,negative
2182,negative
2183,negative
2184,negative
2185,neutral
2186,negative
2187,neutral
2188,negative
2189,neutral
2190,negative
2191,neutral
2192,negative
2193,negative
2194,negative
2195,neutral
2196,negative
2197,negative
2198,negative
2199,negative
2200,neutral
2201,negative
2202,negative
2203,negative
2204,negative
2205,negative
2206,neutral
2207,negative
2208,positive
2209,negative
2210,negative
2211,negative
2212,negative
2213,negative
2214,negative
2215,negative
2216,negative
2217,negative
2218,negative
2219,negative
2220,negative
2221,negative
2222,negative
2223,negative
2224,negative
2225,negative
2226,negative
2227,neutral
2228,neutral
2229,positive
2230,neutral
2231,negative
2232,negative
2233,neutral
2234,negative
2235,negative
2236,positive
2237,negative
2238,negative
2239,negative
2240,negative
2241,negative
2242,positive
2243,positive
2244,negative
2245,negative
2246,neutral
2247,negative
2248,negative
2249,positive
2250,negative
2251,negative
2252,negative
2253,negative
2254,negative
2255,neutral
2256,negative
2257,negative
2258,negative
2259,negative
2260,negative
2261,negative
2262,negative
2263,negative
2264,negative
2265,negative
2266,negative
2267,negative
2268,negative
2269,positive
2270,neutral
2271,negative
2272,positive
2273,negative
2274,negative
2275,negative
2276,negative
2277,negative
2278,negative
2279,negative
2280,neutral
2281,negative
2282,negative
2283,negative
2284,negative
2285,negative
2286,positive
2287,negative
2288,negative
2289,neutral
2290,negative
2291,negative
2292,positive
2293,negative
2294,negative
2295,neutral
2296,negative
2297,positive
2298,positive
2299,positive
2300,negative
2301,negative
2302,negative
2303,positive
2304,negative
2305,negative
2306,positive
2307,negative
2308,negative
2309,negative
2310,negative
2311,negative
2312,negative
2313,negative
2314,neutral
2315,negative
2316,negative
2317,negative
2318,negative
2319,negative
2320,negative
2321,negative
2322,positive
2323,negative
2324,negative
2325,positive
2326,positive
2327,negative
2328,neutral
2329,negative
2330,negative
2331,negative
2332,negative
2333,negative
2334,negative
2335,neutral
2336,positive
2337,neutral
2338,neutral
2339,negative
2340,negative
2341,neutral
2342,negative
2343,negative
2344,negative
2345,negative
2346,negative
2347,negative
2348,negative
2349,neutral
2350,negative
2351,negative
2352,negative
2353,negative
2354,positive
2355,negative
2356,negative
2357,negative
2358,negative
2359,negative
2360,positive
2361,negative
2362,neutral
2363,negative
2364,negative
2365,negative
2366,negative
2367,negative
2368,negative
2369,neutral
2370,negative
2371,negative
2372,negative
2373,negative
2374,negative
2375,negative
2376,negative
2377,negative
2378,negative
2379,negative
2380,neutral
2381,neutral
2382,positive
2383,negative
2384,neutral
2385,negative
2386,positive
2387,negative
2388,negative
2389,negative
2390,positive
2391,negative
2392,negative
2393,positive
2394,negative
2395,negative
2396,negative
2397,negative
2398,negative
2399,negative
2400,negative
2401,positive
2402,positive
2403,neutral
2404,negative
2405,negative
2406,positive
2407,negative
2408,negative
2409,negative
2410,negative
2411,negative
2412,positive
2413,positive
2414,neutral
2415,negative
2416,negative
2417,neutral
2418,negative
2419,neutral
2420,negative
2421,negative
2422,negative
2423,neutral
2424,negative
2425,negative
2426,negative
2427,negative
2428,positive
2429,negative
2430,negative
2431,negative
2432,positive
2433,negative
2434,negative
2435,negative
2436,negative
2437,neutral
2438,neutral
2439,negative
2440,negative
2441,negative
2442,neutral
2443,negative
2444,neutral
2445,negative
2446,positive
2447,neutral
2448,negative
2449,negative
2450,negative
2451,positive
2452,negative
2453,neutral
2454,neutral
2455,negative
2456,negative
2457,negative
2458,negative
2459,positive
2460,negative
2461,neutral
2462,positive
2463,negative
2464,negative
2465,negative
2466,positive
2467,negative
2468,negative
2469,negative
2470,neutral
2471,negative
2472,negative
2473,negative
2474,neutral
2475,negative
2476,negative
2477,negative
2478,negative
2479,positive
2480,negative
2481,negative
2482,negative
2483,negative
2484,negative
2485,negative
2486,negative
2487,negative
2488,negative
2489,negative
2490,negative
2491,negative
2492,negative
2493,negative
2494,negative
2495,positive
2496,negative
2497,negative
2498,negative
2499,negative
2500,negative
2501,negative
2502,negative
2503,negative
2504,negative
2505,neutral
2506,negative
2507,negative
2508,negative
2509,negative
2510,negative
2511,neutral
2512,negative
2513,neutral
2514,negative
2515,positive
2516,negative
2517,positive
2518,negative
2519,neutral
2520,negative
2521,negative
2522,negative
2523,negative
2524,positive
2525,negative
2526,negative
2527,negative
2528,negative
2529,positive
2530,neutral
2531,negative
2532,negative
2533,negative
2534,neutral
2535,negative
2536,positive
2537,negative
2538,neutral
2539,negative
2540,positive
2541,negative
2542,positive
2543,negative
2544,negative
2545,negative
2546,positive
2547,negative
2548,negative
2549,neutral
2550,negative
2551,positive
2552,negative
2553,negative
2554,negative
2555,negative
2556,negative
2557,neutral
2558,negative
2559,negative
2560,negative
2561,negative
2562,negative
2563,negative
2564,neutral
2565,neutral
2566,positive
2567,negative
2568,negative
2569,neutral
2570,negative
2571,negative
2572,negative
2573,negative
2574,positive
2575,negative
2576,negative
2577,negative
2578,negative
2579,negative
2580,negative
2581,negative
2582,positive
2583,negative
2584,negative
2585,negative
2586,negative
2587,negative
2588,negative
2589,negative
2590,negative
2591,negative
2592,negative
2593,positive
2594,negative
2595,neutral
2596,negative
2597,negative
2598,positive
2599,negative
2600,positive
2601,negative
2602,negative
2603,negative
2604,negative
2605,negative
2606,neutral
2607,negative
2608,negative
2609,positive
2610,negative
2611,negative
2612,neutral
2613,negative
2614,negative
2615,negative
2616,negative
2617,negative
2618,negative
2619,negative
2620,negative
2621,positive
2622,negative
2623,negative
2624,negative
2625,neutral
2626,negative
2627,negative
2628,positive
2629,positive
2630,negative
2631,neutral
2632,negative
2633,positive
2634,neutral
2635,positive
2636,negative
2637,negative
2638,neutral
2639,negative
2640,neutral
2641,negative
2642,negative
2643,neutral
2644,negative
2645,negative
2646,negative
2647,negative
2648,positive
2649,negative
2650,negative
2651,negative
2652,negative
2653,negative
2654,negative
2655,negative
2656,negative
2657,neutral
2658,negative
2659,negative
2660,negative
2661,positive
2662,negative
2663,negative
2664,neutral
2665,positive
2666,negative
2667,negative
2668,negative
2669,neutral
2670,negative
2671,neutral
2672,neutral
2673,negative
2674,negative
2675,negative
2676,negative
2677,negative
2678,negative
2679,negative
2680,positive
2681,negative
2682,neutral
2683,positive
2684,positive
2685,negative
2686,negative
2687,negative
2688,neutral
2689,neutral
2690,negative
2691,negative
2692,negative
2693,negative
2694,positive
2695,negative
2696,neutral
2697,negative
2698,neutral
2699,negative
2700,negative
2701,negative
2702,negative
2703,negative
2704,negative
2705,positive
2706,negative
2707,neutral
2708,negative
2709,negative
2710,negative
2711,negative
2712,negative
2713,negative
2714,neutral
2715,negative
2716,negative
2717,positive
2718,neutral
2719,negative
2720,negative
2721,negative
2722,negative
2723,positive
2724,neutral
2725,positive
2726,negative
2727,positive
2728,neutral
2729,neutral
2730,negative
2731,negative
2732,negative
2733,negative
2734,negative
2735,negative
2736,negative
2737,positive
2738,negative
2739,negative
2740,negative
2741,negative
2742,negative
2743,negative
2744,negative
2745,negative
2746,negative
2747,negative
2748,negative
2749,negative
2750,negative
2751,neutral
2752,negative
2753,positive
2754,positive
2755,negative
2756,negative
2757,negative
2758,neutral
2759,negative
2760,positive
2761,negative
2762,neutral
2763,negative
2764,negative
2765,negative
2766,negative
2767,negative
2768,negative
2769,negative
2770,negative
2771,positive
2772,negative
2773,negative
2774,negative
2775,negative
2776,negative
2777,negative
2778,negative
2779,negative
2780,negative
2781,negative
2782,neutral
2783,negative
2784,negative
2785,negative
2786,negative
2787,positive
2788,positive
2789,negative
2790,negative
2791,negative
2792,negative
2793,negative
2794,negative
2795,positive
2796,positive
2797,positive
2798,neutral
2799,negative
2800,negative
2801,negative
2802,neutral
2803,negative
2804,neutral
2805,positive
2806,negative
2807,neutral
2808,neutral
2809,negative
2810,neutral
2811,negative
2812,negative
2813,negative
2814,negative
2815,negative
2816,negative
2817,negative
2818,negative
2819,negative
2820,negative
2821,negative
2822,neutral
2823,negative
2824,negative
2825,negative
2826,negative
2827,negative
2828,positive
2829,positive
2830,negative
2831,positive
2832,positive
2833,negative
2834,negative
2835,negative
2836,negative
2837,negative
2838,neutral
2839,negative
2840,negative
2841,negative
2842,neutral
2843,neutral
2844,negative
2845,negative
2846,positive
2847,negative
2848,negative
2849,negative
2850,positive
2851,negative
2852,negative
2853,negative
2854,negative
2855,negative
2856,neutral
2857,negative
2858,negative
2859,negative
2860,negative
2861,positive
2862,negative
2863,negative
2864,positive
2865,neutral
2866,negative
2867,negative
2868,negative
2869,positive
2870,negative
2871,negative
2872,negative
2873,negative
2874,negative
2875,positive
2876,positive
2877,negative
2878,negative
2879,positive
2880,negative
2881,negative
2882,negative
2883,negative
2884,negative
2885,negative
2886,negative
2887,negative
2888,positive
2889,negative
2890,negative
2891,negative
2892,positive
2893,negative
2894,negative
2895,neutral
2896,negative
2897,negative
2898,negative
2899,negative
2900,negative
2901,negative
2902,negative
2903,negative
2904,negative
2905,negative
2906,negative
2907,positive
2908,neutral
2909,neutral
2910,negative
2911,negative
2912,positive
2913,negative
2914,negative
2915,negative
2916,negative
2917,negative
2918,negative
2919,negative
2920,negative
2921,neutral
2922,negative
2923,negative
2924,positive
2925,negative
2926,negative
2927,neutral
2928,positive
2929,negative
2930,negative
2931,negative
2932,negative
2933,negative
2934,negative
2935,negative
2936,negative
2937,negative
2938,positive
2939,negative
2940,neutral
2941,positive
2942,neutral
2943,neutral
2944,negative
2945,negative
2946,neutral
2947,neutral
2948,negative
2949,positive
2950,neutral
2951,neutral
2952,negative
2953,negative
2954,negative
2955,negative
2956,negative
2957,negative
2958,negative
2959,negative
2960,positive
2961,negative
2962,negative
2963,neutral
2964,negative
2965,negative
2966,negative
2967,negative
2968,negative
2969,negative
2970,negative
2971,neutral
2972,negative
2973,negative
2974,negative
2975,positive
2976,neutral
2977,positive
2978,negative
2979,negative
2980,neutral
2981,negative
2982,positive
2983,neutral
2984,negative
2985,negative
2986,neutral
2987,negative
2988,negative
2989,negative
2990,negative
2991,negative
2992,negative
2993,negative
2994,neutral
2995,positive
2996,negative
2997,negative
2998,positive
2999,negative
3000,negative
3001,negative
3002,positive
3003,negative
3004,negative
3005,negative
3006,negative
3007,negative
3008,positive
3009,negative
3010,negative
3011,negative
3012,positive
3013,negative
3014,negative
3015,neutral
3016,negative
3017,negative
3018,negative
3019,negative
3020,positive
3021,negative
3022,negative
3023,negative
3024,negative
3025,neutral
3026,negative
3027,negative
3028,negative
3029,neutral
3030,negative
3031,negative
3032,positive
3033,negative
3034,negative
3035,neutral
3036,positive
3037,negative
3038,positive
3039,negative
3040,negative
3041,neutral
3042,negative
3043,positive
3044,negative
3045,positive
3046,negative
3047,negative
3048,negative
3049,negative
3050,positive
3051,negative
3052,neutral
3053,negative
3054,negative
3055,negative
3056,negative
3057,neutral
3058,negative
3059,negative
3060,negative
3061,negative
3062,negative
3063,negative
3064,negative
3065,neutral
3066,negative
3067,positive
3068,negative
3069,negative
3070,negative
3071,negative
3072,neutral
3073,negative
3074,negative
3075,neutral
3076,positive
3077,negative
3078,neutral
3079,negative
3080,negative
3081,negative
3082,negative
3083,negative
3084,negative
3085,negative
3086,negative
3087,positive
3088,negative
3089,negative
3090,negative
3091,negative
3092,negative
3093,negative
3094,negative
3095,negative
3096,neutral
3097,positive
3098,negative
3099,positive
3100,negative
3101,negative
3102,neutral
3103,positive
3104,negative
3105,negative
3106,negative
3107,neutral
3108,negative
3109,positive
3110,negative
3111,negative
3112,negative
3113,neutral
3114,neutral
3115,negative
3116,negative
3117,negative
3118,neutral
3119,negative
3120,negative
3121,negative
3122,neutral
3123,negative
3124,positive
3125,negative
3126,neutral
3127,negative
3128,negative
3129,negative
3130,negative
3131,positive
3132,negative
3133,negative
3134,negative
3135,negative
3136,negative
3137,neutral
3138,negative
3139,negative
3140,positive
3141,negative
3142,negative
3143,neutral
3144,positive
3145,negative
3146,negative
3147,negative
3148,negative
3149,negative
3150,neutral
3151,negative
3152,negative
3153,negative
3154,neutral
3155,negative
3156,positive
3157,negative
3158,negative
3159,negative
3160,negative
3161,positive
3162,positive
3163,positive
3164,negative
3165,negative
3166,negative
3167,neutral
3168,negative
3169,negative
3170,positive
3171,negative
3172,negative
3173,negative
3174,negative
3175,neutral
3176,neutral
3177,negative
3178,negative
3179,negative
3180,negative
3181,negative
3182,negative
3183,positive
3184,negative
3185,neutral
3186,negative
3187,neutral
3188,negative
3189,negative
3190,negative
3191,negative
3192,neutral
3193,negative
3194,negative
3195,negative
3196,negative
3197,negative
3198,positive
3199,negative
3200,negative
3201,negative
3202,negative
3203,negative
3204,negative
3205,negative
3206,negative
3207,negative
3208,negative
3209,negative
3210,negative
3211,negative
3212,negative
3213,negative
3214,neutral
3215,neutral
3216,positive
3217,neutral
3218,negative
3219,negative
3220,neutral
3221,negative
3222,negative
3223,positive
3224,negative
3225,neutral
3226,positive
3227,negative
3228,negative
3229,negative
3230,negative
3231,negative
3232,neutral
3233,positive
3234,negative
3235,negative
3236,positive
3237,negative
3238,positive
3239,positive
3240,negative
3241,negative
3242,negative
3243,negative
3244,positive
3245,negative
3246,negative
3247,negative
3248,negative
3249,positive
3250,neutral
3251,negative
3252,negative
3253,negative
3254,negative
3255,negative
3256,negative
3257,negative
3258,negative
3259,negative
3260,negative
3261,negative
3262,negative
3263,positive
3264,negative
3265,negative
3266,negative
3267,positive
3268,negative
3269,neutral
3270,positive
3271,negative
3272,negative
3273,negative
3274,negative
3275,negative
3276,positive
3277,negative
3278,neutral
3279,negative
3280,negative
3281,negative
3282,negative
3283,negative
3284,neutral
3285,negative
3286,positive
3287,negative
3288,negative
3289,negative
3290,negative
3291,negative
3292,neutral
3293,negative
3294,neutral
3295,negative
3296,negative
3297,neutral
3298,positive
3299,positive
3300,negative
3301,negative
3302,positive
3303,negative
3304,negative
3305,negative
3306,negative
3307,negative
3308,negative
3309,neutral
3310,negative
3311,negative
3312,negative
3313,negative
3314,positive
3315,negative
3316,negative
3317,negative
3318,negative
3319,negative
3320,negative
3321,neutral
3322,negative
3323,positive
3324,negative
3325,neutral
3326,negative
3327,negative
3328,negative
3329,negative
3330,neutral
3331,negative
3332,negative
3333,positive
3334,negative
3335,negative
3336,neutral
3337,positive
3338,positive
3339,negative
3340,negative
3341,negative
3342,negative
3343,negative
3344,positive
3345,neutral
3346,neutral
3347,negative
3348,negative
3349,negative
3350,negative
3351,neutral
3352,negative
3353,negative
3354,negative
3355,negative
3356,negative
3357,neutral
3358,negative
3359,negative
3360,neutral
3361,neutral
3362,negative
3363,negative
3364,negative
3365,negative
3366,negative
3367,negative
3368,neutral
3369,negative
3370,negative
3371,negative
3372,negative
3373,positive
3374,neutral
3375,negative
3376,negative
3377,neutral
3378,neutral
3379,negative
3380,neutral
3381,neutral
3382,negative
3383,neutral
3384,negative
3385,negative
3386,negative
3387,negative
3388,negative
3389,neutral
3390,negative
3391,neutral
3392,negative
3393,negative
3394,negative
3395,negative
3396,neutral
3397,positive
3398,positive
3399,negative
3400,negative
3401,negative
3402,negative
3403,negative
3404,negative
3405,negative
3406,negative
3407,negative
3408,negative
3409,negative
3410,negative
3411,negative
3412,positive
3413,negative
3414,neutral
3415,negative
3416,negative
3417,negative
3418,negative
3419,neutral
3420,positive
3421,negative
3422,positive
3423,negative
3424,negative
3425,neutral
3426,negative
3427,neutral
3428,neutral
3429,neutral
3430,neutral
3431,negative
3432,positive
3433,negative
3434,negative
3435,negative
3436,neutral
3437,negative
3438,negative
3439,negative
3440,negative
3441,negative
3442,negative
3443,negative
3444,positive
3445,neutral
3446,neutral
3447,positive
3448,positive
3449,positive
3450,negative
3451,neutral
3452,neutral
3453,positive
3454,negative
3455,negative
3456,negative
3457,negative
3458,negative
3459,negative
3460,negative
3461,negative
3462,positive
3463,negative
3464,positive
3465,neutral
3466,negative
3467,neutral
3468,negative
3469,neutral
3470,negative
3471,negative
3472,negative
3473,neutral
3474,negative
3475,negative
3476,negative
3477,negative
3478,negative
3479,negative
3480,negative
3481,negative
3482,negative
3483,neutral
3484,negative
3485,negative
3486,negative
3487,negative
3488,neutral
3489,negative
3490,negative
3491,positive
3492,negative
3493,negative
3494,negative
3495,negative
3496,negative
3497,negative
3498,negative
3499,negative
3500,negative
3501,positive
3502,positive
3503,positive
3504,negative
3505,negative
3506,neutral
3507,negative
3508,neutral
3509,positive
3510,negative
3511,negative
3512,negative
3513,neutral
3514,negative
3515,negative
3516,negative
3517,negative
3518,negative
3519,negative
3520,negative
3521,negative
3522,negative
3523,negative
3524,negative
3525,neutral
3526,positive
3527,positive
3528,negative
3529,negative
3530,negative
3531,negative
3532,negative
3533,negative
3534,negative
3535,negative
3536,neutral
3537,positive
3538,negative
3539,negative
3540,negative
3541,negative
3542,neutral
3543,negative
3544,neutral
3545,negative
3546,negative
3547,neutral
3548,negative
3549,positive
3550,negative
3551,negative
3552,neutral
3553,negative
3554,negative
3555,negative
3556,neutral
3557,positive
3558,negative
3559,negative
3560,positive
3561,negative
3562,negative
3563,negative
3564,negative
3565,neutral
3566,negative
3567,negative
3568,negative
3569,negative
3570,neutral
3571,negative
3572,negative
3573,negative
3574,neutral
3575,negative
3576,negative
3577,negative
3578,negative
3579,negative
3580,negative
3581,positive
3582,positive
3583,negative
3584,negative
3585,negative
3586,negative
3587,negative
3588,negative
3589,negative
3590,negative
3591,positive
3592,negative
3593,negative
3594,neutral
3595,negative
3596,negative
3597,neutral
3598,positive
3599,negative
3600,negative
3601,negative
3602,neutral
3603,negative
3604,negative
3605,negative
3606,negative
3607,negative
3608,neutral
3609,negative
3610,negative
3611,neutral
3612,negative
3613,negative
3614,negative
3615,negative
3616,negative
3617,positive
3618,negative
3619,negative
3620,negative
3621,negative
3622,neutral
3623,neutral
3624,negative
3625,positive
3626,negative
3627,negative
3628,neutral
3629,negative
3630,neutral
3631,negative
3632,negative
3633,negative
3634,negative
3635,negative
3636,negative
3637,negative
3638,negative
3639,negative
3640,negative
3641,negative
3642,positive
3643,neutral
3644,neutral
3645,negative
3646,negative
3647,negative
3648,positive
3649,positive
3650,positive
3651,positive
3652,positive
3653,negative
3654,negative
3655,negative
3656,negative
3657,neutral
3658,negative
3659,negative
3660,negative
3661,negative
3662,negative
3663,negative
3664,positive
3665,negative
3666,negative
3667,negative
3668,negative
3669,negative
3670,negative
3671,negative
3672,negative
3673,neutral
3674,neutral
3675,negative
3676,negative
3677,negative
3678,negative
3679,negative
3680,negative
3681,negative
3682,negative
3683,negative
3684,negative
3685,neutral
3686,negative
3687,negative
3688,positive
3689,negative
3690,neutral
3691,negative
3692,negative
3693,neutral
3694,positive
3695,negative
3696,negative
3697,negative
3698,positive
3699,neutral
3700,negative
3701,neutral
3702,negative
3703,neutral
3704,negative
3705,positive
3706,negative
3707,negative
3708,negative
3709,negative
3710,negative
3711,negative
3712,negative
3713,positive
3714,negative
3715,neutral
3716,negative
3717,negative
3718,negative
3719,negative
3720,neutral
3721,negative
3722,negative
3723,negative
3724,negative
3725,negative
3726,negative
3727,negative
3728,negative
3729,positive
3730,neutral
3731,negative
3732,negative
3733,negative
3734,negative
3735,negative
3736,negative
3737,negative
3738,positive
3739,neutral
3740,negative
3741,negative
3742,negative
3743,negative
3744,negative
3745,negative
3746,negative
3747,negative
3748,positive
3749,negative
3750,neutral
3751,negative
3752,negative
3753,negative
3754,negative
3755,negative
3756,positive
3757,negative
3758,neutral
3759,negative
3760,negative
3761,negative
3762,negative
3763,neutral
3764,neutral
3765,negative
3766,negative
3767,neutral
3768,negative
3769,negative
3770,negative
3771,negative
3772,negative
3773,negative
3774,negative
3775,neutral
3776,negative
3777,positive
3778,negative
3779,positive
3780,negative
3781,negative
3782,negative
3783,positive
3784,negative
3785,negative
3786,negative
3787,negative
3788,negative
3789,negative
3790,negative
3791,negative
3792,negative
3793,negative
3794,negative
3795,negative
3796,neutral
3797,neutral
3798,positive
3799,positive
3800,neutral
3801,negative
3802,negative
3803,negative
3804,negative
3805,negative
3806,negative
3807,negative
3808,neutral
3809,negative
3810,neutral
3811,negative
3812,neutral
3813,negative
3814,negative
3815,neutral
3816,negative
3817,negative
3818,negative
3819,negative
3820,negative
3821,positive
3822,negative
3823,negative
3824,positive
3825,negative
3826,negative
3827,negative
3828,positive
3829,negative
3830,neutral
3831,negative
3832,positive
3833,negative
3834,negative
3835,negative
3836,positive
3837,negative
3838,positive
3839,neutral
3840,negative
3841,negative
3842,neutral
3843,positive
3844,negative
3845,neutral
3846,negative
3847,negative
3848,negative
3849,negative
3850,negative
3851,negative
3852,negative
3853,negative
3854,negative
3855,negative
3856,negative
3857,neutral
3858,negative
3859,neutral
3860,negative
3861,positive
3862,negative
3863,negative
3864,negative
3865,neutral
3866,negative
3867,negative
3868,negative
3869,positive
3870,negative
3871,negative
3872,positive
3873,negative
3874,negative
3875,negative
3876,neutral
3877,negative
3878,neutral
3879,negative
3880,negative
3881,negative
3882,negative
3883,negative
3884,negative
3885,negative
3886,positive
3887,negative
3888,positive
3889,neutral
3890,negative
3891,negative
3892,negative
3893,negative
3894,negative
3895,positive
3896,positive
3897,negative
3898,negative
3899,negative
3900,neutral
3901,neutral
3902,negative
3903,negative
3904,positive
3905,negative
3906,negative
3907,negative
3908,positive
3909,neutral
3910,negative
3911,negative
3912,negative
3913,negative
3914,negative
3915,negative
3916,negative
3917,negative
3918,negative
3919,negative
3920,negative
3921,negative
3922,positive
3923,negative
3924,neutral
3925,negative
3926,positive
3927,neutral
3928,negative
3929,neutral
3930,negative
3931,negative
3932,neutral
3933,neutral
3934,negative
3935,negative
3936,negative
3937,negative
3938,negative
3939,negative
3940,negative
3941,positive
3942,negative
3943,neutral
3944,neutral
3945,negative
3946,negative
3947,neutral
3948,negative
3949,negative
3950,negative
3951,negative
3952,negative
3953,negative
3954,negative
3955,negative
3956,negative
3957,negative
3958,positive
3959,neutral
3960,positive
3961,negative
3962,negative
3963,negative
3964,neutral
3965,negative
3966,negative
3967,negative
3968,positive
3969,neutral
3970,positive
3971,neutral
3972,negative
3973,neutral
3974,negative
3975,positive
3976,negative
3977,positive
3978,negative
3979,negative
3980,positive
3981,negative
3982,negative
3983,negative
3984,neutral
3985,negative
3986,negative
3987,negative
3988,negative
3989,negative
3990,negative
3991,negative
3992,neutral
3993,negative
3994,negative
3995,negative
3996,neutral
3997,negative
3998,neutral
3999,negative
4000,negative
4001,positive
4002,neutral
4003,negative
4004,neutral
4005,negative
4006,negative
4007,negative
4008,negative
4009,positive
4010,negative
4011,negative
4012,negative
4013,negative
4014,negative
4015,positive
4016,negative
4017,negative
4018,negative
4019,negative
4020,negative
4021,positive
4022,positive
4023,positive
4024,negative
4025,negative
4026,negative
4027,neutral
4028,negative
4029,neutral
4030,positive
4031,negative
4032,positive
4033,positive
4034,negative
4035,negative
4036,negative
4037,positive
4038,negative
4039,negative
4040,negative
4041,negative
4042,negative
4043,positive
4044,negative
4045,negative
4046,negative
4047,negative
4048,positive
4049,negative
4050,neutral
4051,negative
4052,negative
4053,negative
4054,neutral
4055,negative
4056,negative
4057,negative
4058,neutral
4059,negative
4060,negative
4061,neutral
4062,neutral
4063,negative
4064,negative
4065,negative
4066,negative
4067,negative
4068,neutral
4069,positive
4070,positive
4071,negative
4072,negative
4073,positive
4074,negative
4075,negative
4076,negative
4077,negative
4078,negative
4079,negative
4080,positive
4081,negative
4082,negative
4083,negative
4084,negative
4085,neutral
4086,negative
4087,negative
4088,negative
4089,neutral
4090,negative
4091,negative
4092,neutral
4093,negative
4094,negative
4095,negative
4096,negative
4097,negative
4098,neutral
4099,negative
4100,negative
4101,neutral
4102,positive
4103,negative
4104,neutral
4105,positive
4106,negative
4107,negative
4108,negative
4109,neutral
4110,positive
4111,negative
4112,negative
4113,negative
4114,positive
4115,negative
4116,negative
4117,positive
4118,neutral
4119,neutral
4120,positive
4121,neutral
4122,negative
4123,negative
4124,negative
4125,negative
4126,negative
4127,negative
4128,negative
4129,neutral
4130,negative
4131,negative
4132,negative
4133,negative
4134,neutral
4135,negative
4136,negative
4137,negative
4138,negative
4139,negative
4140,positive
4141,neutral
4142,negative
4143,negative
4144,negative
4145,negative
4146,negative
4147,negative
4148,positive
4149,negative
4150,negative
4151,negative
4152,negative
4153,neutral
4154,neutral
4155,neutral
4156,negative
4157,negative
4158,neutral
4159,neutral
4160,negative
4161,negative
4162,negative
4163,negative
4164,negative
4165,neutral
4166,negative
4167,negative
4168,negative
4169,negative
4170,negative
4171,negative
4172,neutral
4173,positive
4174,positive
4175,neutral
4176,positive
4177,negative
4178,positive
4179,neutral
4180,positive
4181,neutral
4182,negative
4183,negative
4184,negative
4185,positive
4186,negative
4187,neutral
4188,negative
4189,negative
4190,negative
4191,positive
4192,neutral
4193,negative
4194,negative
4195,negative
4196,negative
4197,negative
4198,neutral
4199,positive
4200,negative
4201,negative
4202,negative
4203,negative
4204,negative
4205,negative
4206,negative
4207,negative
4208,negative
4209,positive
4210,negative
4211,neutral
4212,negative
4213,negative
4214,neutral
4215,negative
4216,neutral
4217,negative
4218,negative
4219,negative
4220,negative
4221,negative
4222,negative
4223,negative
4224,negative
4225,negative
4226,negative
4227,negative
4228,negative
4229,positive
4230,negative
4231,negative
4232,positive
4233,negative
4234,negative
4235,negative
4236,negative
4237,positive
4238,negative
4239,neutral
4240,negative
4241,negative
4242,negative
4243,negative
4244,positive
4245,negative
4246,negative
4247,negative
4248,negative
4249,negative
4250,negative
4251,negative
4252,positive
4253,negative
4254,negative
4255,neutral
4256,negative
4257,negative
4258,negative
4259,neutral
4260,negative
4261,negative
4262,negative
4263,neutral
4264,negative
4265,neutral
4266,negative
4267,neutral
4268,negative
4269,positive
4270,positive
4271,negative
4272,negative
4273,negative
4274,positive
4275,negative
4276,negative
4277,negative
4278,negative
4279,negative
4280,negative
4281,negative
4282,negative
4283,negative
4284,negative
4285,negative
4286,negative
4287,negative
4288,neutral
4289,negative
4290,negative
4291,negative
4292,negative
4293,negative
4294,neutral
4295,negative
4296,neutral
4297,negative
4298,negative
4299,negative
4300,negative
4301,negative
4302,positive
4303,negative
4304,negative
4305,negative
4306,negative
4307,negative
4308,negative
4309,negative
4310,negative
4311,positive
4312,negative
4313,neutral
4314,neutral
4315,negative
4316,negative
4317,positive
4318,negative
4319,negative
4320,negative
4321,negative
4322,negative
4323,positive
4324,neutral
4325,negative
4326,negative
4327,negative
4328,negative
4329,negative
4330,negative
4331,negative
4332,negative
4333,negative
4334,neutral
4335,negative
4336,negative
4337,negative
4338,negative
4339,negative
4340,negative
4341,neutral
4342,neutral
4343,negative
4344,neutral
4345,negative
4346,negative
4347,negative
4348,neutral
4349,neutral
4350,negative
4351,negative
4352,negative
4353,positive
4354,negative
4355,negative
4356,negative
4357,negative
4358,negative
4359,neutral
4360,negative
4361,negative
4362,negative
4363,negative
4364,neutral
4365,negative
4366,negative
4367,neutral
4368,negative
4369,neutral
4370,negative
4371,negative
4372,negative
4373,negative
4374,negative
4375,negative
4376,negative
4377,negative
4378,negative
4379,negative
4380,neutral
4381,negative
4382,negative
4383,negative
4384,negative
4385,neutral
4386,negative
4387,neutral
4388,negative
4389,negative
4390,negative
4391,negative
4392,negative
4393,negative
4394,negative
4395,negative
4396,negative
4397,neutral
4398,negative
4399,negative
4400,negative
4401,positive
4402,positive
4403,negative
4404,negative
4405,neutral
4406,negative
4407,negative
4408,negative
4409,negative
4410,negative
4411,neutral
4412,negative
4413,negative
4414,negative
4415,neutral
4416,positive
4417,negative
4418,positive
4419,negative
4420,negative
4421,negative
4422,negative
4423,negative
4424,neutral
4425,positive
4426,neutral
4427,negative
4428,positive
4429,neutral
4430,negative
4431,negative
4432,positive
4433,negative
4434,negative
4435,positive
4436,negative
4437,neutral
4438,negative
4439,positive
4440,neutral
4441,negative
4442,negative
4443,positive
4444,negative
4445,negative
4446,negative
4447,neutral
4448,negative
4449,neutral
4450,negative
4451,positive
4452,negative
4453,negative
4454,negative
4455,neutral
4456,negative
4457,neutral
4458,negative
4459,negative
4460,negative
4461,negative
4462,negative
4463,neutral
4464,negative
4465,positive
4466,negative
4467,neutral
4468,negative
4469,positive
4470,negative
4471,negative
4472,neutral
4473,negative
4474,positive
4475,positive
4476,negative
4477,negative
4478,neutral
4479,positive
4480,positive
4481,negative
4482,negative
4483,negative
4484,neutral
4485,negative
4486,negative
4487,negative
4488,negative
4489,negative
4490,negative
4491,negative
4492,positive
4493,negative
4494,positive
4495,negative
4496,negative
4497,negative
4498,negative
4499,negative
4500,positive
4501,negative
4502,negative
4503,negative
4504,negative
4505,positive
4506,negative
4507,negative
4508,negative
4509,negative
4510,neutral
4511,negative
4512,neutral
4513,neutral
4514,neutral
4515,neutral
4516,negative
4517,negative
4518,negative
4519,negative
4520,negative
4521,negative
4522,positive
4523,negative
4524,negative
4525,neutral
4526,negative
4527,negative
4528,neutral
4529,negative
4530,negative
4531,negative
4532,negative
4533,neutral
4534,negative
4535,negative
4536,negative
4537,negative
4538,neutral
4539,negative
4540,negative
4541,negative
4542,negative
4543,negative
4544,neutral
4545,negative
4546,negative
4547,negative
4548,negative
4549,negative
4550,negative
4551,negative
4552,negative
4553,negative
4554,negative
4555,negative
4556,negative
4557,negative
4558,neutral
4559,negative
4560,negative
4561,negative
4562,negative
4563,negative
4564,negative
4565,negative
4566,negative
4567,neutral
4568,negative
4569,positive
4570,negative
4571,negative
4572,negative
4573,positive
4574,neutral
4575,positive
4576,negative
4577,negative
4578,negative
4579,negative
4580,negative
4581,negative
4582,neutral
4583,negative
4584,positive
4585,positive
4586,negative
4587,negative
4588,positive
4589,neutral
4590,negative
4591,positive
4592,neutral
4593,negative
4594,negative
4595,negative
4596,negative
4597,neutral
4598,negative
4599,neutral
4600,negative
4601,negative
4602,negative
4603,neutral
4604,negative
4605,negative
4606,negative
4607,negative
4608,negative
4609,negative
4610,neutral
4611,negative
4612,negative
4613,negative
4614,negative
4615,negative
4616,neutral
4617,negative
4618,negative
4619,negative
4620,positive
4621,negative
4622,negative
4623,negative
4624,negative
4625,negative
4626,neutral
4627,negative
4628,negative
4629,negative
4630,negative
4631,negative
4632,neutral
4633,negative
4634,negative
4635,negative
4636,negative
4637,negative
4638,negative
4639,negative
4640,negative
4641,negative
4642,negative
4643,negative
4644,negative
4645,negative
4646,negative
4647,negative
4648,negative
4649,negative
4650,negative
4651,negative
4652,negative
4653,neutral
4654,positive
4655,negative
4656,neutral
4657,negative
4658,negative
4659,negative
4660,negative
4661,neutral
4662,positive
4663,negative
4664,negative
4665,neutral
4666,negative
4667,positive
4668,negative
4669,negative
4670,neutral
4671,positive
4672,negative
4673,negative
4674,negative
4675,negative
4676,negative
4677,negative
4678,negative
4679,neutral
4680,neutral
4681,negative
4682,positive
4683,negative
4684,negative
4685,positive
4686,negative
4687,negative
4688,negative
4689,negative
4690,negative
4691,negative
4692,negative
4693,negative
4694,negative
4695,negative
4696,negative
4697,negative
4698,neutral
4699,negative
4700,negative
4701,positive
4702,neutral
4703,negative
4704,negative
4705,negative
4706,positive
4707,negative
4708,negative
4709,negative
4710,negative
4711,negative
4712,negative
4713,negative
4714,negative
4715,negative
4716,negative
4717,negative
4718,negative
4719,negative
4720,positive
4721,negative
4722,negative
4723,negative
4724,negative
4725,negative
4726,neutral
4727,negative
4728,negative
4729,negative
4730,negative
4731,negative
4732,negative
4733,neutral
4734,negative
4735,negative
4736,negative
4737,negative
4738,negative
4739,negative
4740,negative
4741,negative
4742,negative
4743,negative
4744,positive
4745,negative
4746,negative
4747,negative
4748,negative
4749,positive
4750,neutral
4751,negative
4752,negative
4753,positive
4754,positive
4755,negative
4756,negative
4757,negative
4758,negative
4759,negative
4760,negative
4761,negative
4762,neutral
4763,negative
4764,negative
4765,negative
4766,neutral
4767,negative
4768,negative
4769,neutral
4770,negative
4771,negative
4772,negative
4773,negative
4774,positive
4775,positive
4776,neutral
4777,negative
4778,negative
4779,negative
4780,negative
4781,neutral
4782,negative
4783,negative
4784,negative
4785,negative
4786,negative
4787,negative
4788,neutral
4789,negative
4790,negative
4791,negative
4792,negative
4793,negative
4794,neutral
4795,neutral
4796,positive
4797,negative
4798,negative
4799,negative
4800,negative
4801,neutral
4802,negative
4803,neutral
4804,neutral
4805,negative
4806,neutral
4807,negative
4808,negative
4809,negative
4810,negative
4811,negative
4812,neutral
4813,negative
4814,negative
4815,negative
4816,negative
4817,negative
4818,neutral
4819,positive
4820,positive
4821,positive
4822,negative
4823,neutral
4824,negative
4825,neutral
4826,negative
4827,negative
4828,negative
4829,negative
4830,negative
4831,positive
4832,negative
4833,negative
4834,negative
4835,negative
4836,neutral
4837,negative
4838,negative
4839,negative
4840,negative
4841,negative
4842,negative
4843,negative
4844,negative
4845,negative
4846,negative
4847,negative
4848,negative
4849,positive
4850,negative
4851,negative
4852,negative
4853,positive
4854,negative
4855,neutral
4856,negative
4857,positive
4858,positive
4859,negative
4860,neutral
4861,negative
4862,negative
4863,negative
4864,positive
4865,negative
4866,positive
4867,negative
4868,positive
4869,negative
4870,negative
4871,positive
4872,negative
4873,neutral
4874,negative
4875,negative
4876,negative
4877,neutral
4878,negative
4879,negative
4880,negative
4881,negative
4882,negative
4883,negative
4884,negative
4885,neutral
4886,neutral
4887,positive
4888,negative
4889,negative
4890,negative
4891,negative
4892,positive
4893,positive
4894,negative
4895,positive
4896,neutral
4897,negative
4898,negative
4899,negative
4900,negative
4901,negative
4902,negative
4903,negative
4904,negative
4905,negative
4906,negative
4907,negative
4908,negative
4909,negative
4910,negative
4911,negative
4912,negative
4913,neutral
4914,negative
4915,negative
4916,negative
4917,neutral
4918,negative
4919,negative
4920,negative
4921,neutral
4922,neutral
4923,neutral
4924,negative
4925,neutral
4926,positive
4927,negative
4928,negative
4929,neutral
4930,negative
4931,negative
4932,negative
4933,negative
4934,positive
4935,neutral
4936,negative
4937,negative
4938,negative
4939,negative
4940,negative
4941,negative
4942,positive
4943,negative
4944,positive
4945,neutral
4946,negative
4947,negative
4948,negative
4949,neutral
4950,negative
4951,neutral
4952,negative
4953,negative
4954,negative
4955,negative
4956,negative
4957,neutral
4958,negative
4959,negative
4960,positive
4961,positive
4962,negative
4963,negative
4964,negative
4965,negative
4966,negative
4967,negative
4968,negative
4969,negative
4970,positive
4971,negative
4972,negative
4973,negative
4974,negative
4975,negative
4976,negative
4977,negative
4978,negative
4979,negative
4980,neutral
4981,negative
4982,negative
4983,negative
4984,negative
4985,negative
4986,neutral
4987,positive
4988,neutral
4989,positive
4990,negative
4991,negative
4992,neutral
4993,negative
4994,negative
4995,negative
4996,negative
4997,negative
4998,neutral
4999,negative
5000,negative
5001,negative
5002,negative
5003,neutral
5004,neutral
5005,negative
5006,neutral
5007,negative
5008,neutral
5009,negative
5010,negative
5011,positive
5012,negative
5013,negative
5014,negative
5015,negative
5016,negative
5017,positive
5018,negative
5019,negative
5020,negative
5021,negative
5022,negative
5023,positive
5024,negative
5025,negative
5026,positive
5027,negative
5028,neutral
5029,negative
5030,negative
5031,negative
5032,negative
5033,negative
5034,negative
5035,negative
5036,negative
5037,negative
5038,negative
5039,neutral
5040,positive
5041,positive
5042,negative
5043,negative
5044,negative
5045,negative
5046,negative
5047,negative
5048,negative
5049,negative
5050,negative
5051,negative
5052,negative
5053,positive
5054,negative
5055,positive
5056,neutral
5057,negative
5058,negative
5059,negative
5060,positive
5061,negative
5062,negative
5063,positive
5064,negative
5065,negative
5066,neutral
5067,negative
5068,negative
5069,negative
5070,negative
5071,negative
5072,positive
5073,negative
5074,negative
5075,positive
5076,negative
5077,neutral
5078,negative
5079,negative
5080,negative
5081,negative
5082,negative
5083,neutral
5084,negative
5085,negative
5086,positive
5087,neutral
5088,negative
5089,negative
5090,positive
5091,neutral
5092,negative
5093,negative
5094,negative
5095,negative
5096,negative
5097,negative
5098,positive
5099,negative
5100,neutral
5101,positive
5102,negative
5103,negative
5104,positive
5105,negative
5106,negative
5107,negative
5108,negative
5109,neutral
5110,neutral
5111,negative
5112,negative
5113,negative
5114,negative
5115,negative
5116,positive
5117,negative
5118,positive
5119,negative
5120,negative
5121,negative
5122,positive
5123,negative
5124,negative
5125,negative
5126,negative
5127,neutral
5128,negative
5129,negative
5130,negative
5131,negative
5132,negative
5133,negative
5134,neutral
5135,negative
5136,negative
5137,neutral
5138,negative
5139,positive
5140,negative
5141,positive
5142,negative
5143,negative
5144,negative
5145,positive
5146,negative
5147,negative
5148,neutral
5149,neutral
5150,negative
5151,negative
5152,negative
5153,negative
5154,positive
5155,negative
5156,positive
5157,negative
5158,negative
5159,negative
5160,negative
5161,neutral
5162,positive
5163,positive
5164,negative
5165,negative
5166,negative
5167,negative
5168,neutral
5169,negative
5170,neutral
5171,negative
5172,negative
5173,negative
5174,neutral
5175,negative
5176,negative
5177,neutral
5178,negative
5179,negative
5180,negative
5181,positive
5182,negative
5183,negative
5184,positive
5185,negative
5186,positive
5187,negative
5188,negative
5189,negative
5190,negative
5191,negative
5192,negative
5193,negative
5194,negative
5195,positive
5196,neutral
5197,negative
5198,negative
5199,negative
5200,negative
5201,positive
5202,neutral
5203,negative
5204,negative
5205,negative
5206,neutral
5207,neutral
5208,negative
5209,positive
5210,neutral
5211,negative
5212,positive
5213,negative
5214,negative
5215,positive
5216,neutral
5217,negative
5218,neutral
5219,negative
5220,neutral
5221,negative
5222,negative
5223,negative
5224,negative
5225,negative
5226,negative
5227,positive
5228,negative
5229,negative
5230,positive
5231,negative
5232,negative
5233,negative
5234,negative
5235,positive
5236,negative
5237,neutral
5238,negative
5239,neutral
5240,negative
5241,neutral
5242,negative
5243,positive
5244,negative
5245,negative
5246,negative
5247,negative
5248,neutral
5249,negative
5250,neutral
5251,negative
5252,positive
5253,neutral
5254,negative
5255,negative
5256,negative
5257,neutral
5258,negative
5259,negative
5260,negative
5261,negative
5262,neutral
5263,negative
5264,negative
5265,negative
5266,positive
5267,neutral
5268,neutral
5269,negative
5270,negative
5271,negative
5272,negative
5273,negative
5274,positive
5275,neutral
5276,neutral
5277,neutral
5278,negative
5279,neutral
5280,positive
5281,negative
5282,negative
5283,negative
5284,negative
5285,negative
5286,positive
5287,negative
5288,negative
5289,negative
5290,negative
5291,negative
5292,positive
5293,negative
5294,negative
5295,positive
5296,negative
5297,neutral
5298,negative
5299,negative
5300,negative
5301,neutral
5302,positive
5303,negative
5304,neutral
5305,negative
5306,negative
5307,negative
5308,neutral
5309,negative
5310,negative
5311,negative
5312,neutral
5313,neutral
5314,negative
5315,neutral
5316,negative
5317,negative
5318,negative
5319,neutral
5320,positive
5321,negative
5322,negative
5323,negative
5324,neutral
5325,negative
5326,neutral
5327,negative
5328,negative
5329,neutral
5330,negative
5331,negative
5332,negative
5333,neutral
5334,neutral
5335,negative
5336,neutral
5337,negative
5338,negative
5339,negative
5340,negative
5341,negative
5342,negative
5343,negative
5344,negative
5345,negative
5346,negative
5347,negative
5348,negative
5349,negative
5350,neutral
5351,negative
5352,negative
5353,negative
5354,negative
5355,positive
5356,positive
5357,negative
5358,neutral
5359,negative
5360,negative
5361,negative
5362,positive
5363,negative
5364,negative
5365,negative
5366,negative
5367,negative
5368,negative
5369,negative
5370,negative
5371,positive
5372,negative
5373,negative
5374,negative
5375,negative
5376,neutral
5377,negative
5378,negative
5379,positive
5380,negative
5381,neutral
5382,negative
5383,negative
5384,negative
5385,neutral
5386,positive
5387,negative
5388,negative
5389,negative
5390,negative
5391,negative
5392,negative
5393,neutral
5394,negative
5395,neutral
5396,neutral
5397,neutral
5398,negative
5399,neutral
5400,negative
5401,neutral
5402,negative
5403,negative
5404,neutral
5405,negative
5406,negative
5407,neutral
5408,neutral
5409,neutral
5410,positive
5411,negative
5412,negative
5413,negative
5414,negative
5415,negative
5416,negative
5417,negative
5418,negative
5419,negative
5420,positive
5421,negative
5422,negative
5423,negative
5424,negative
5425,positive
5426,negative
5427,neutral
5428,negative
5429,positive
5430,negative
5431,negative
5432,negative
5433,negative
5434,neutral
5435,negative
5436,neutral
5437,negative
5438,negative
5439,neutral
5440,negative
5441,positive
5442,negative
5443,negative
5444,negative
5445,negative
5446,negative
5447,negative
5448,neutral
5449,negative
5450,negative
5451,neutral
5452,neutral
5453,negative
5454,negative
5455,negative
5456,negative
5457,negative
5458,negative
5459,negative
5460,negative
5461,negative
5462,negative
5463,negative
5464,neutral
5465,negative
5466,positive
5467,negative
5468,negative
5469,positive
5470,neutral
5471,neutral
5472,negative
5473,negative
5474,negative
5475,negative
5476,negative
5477,positive
5478,negative
5479,negative
5480,negative
5481,negative
5482,negative
5483,positive
5484,positive
5485,positive
5486,neutral
5487,neutral
5488,positive
5489,neutral
5490,negative
5491,positive
5492,negative
5493,negative
5494,negative
5495,neutral
5496,negative
5497,negative
5498,negative
5499,negative
5500,positive
5501,positive
5502,neutral
5503,neutral
5504,positive
5505,neutral
5506,negative
5507,positive
5508,neutral
5509,negative
5510,negative
5511,negative
5512,neutral
5513,negative
5514,negative
5515,negative
5516,negative
5517,negative
5518,neutral
5519,negative
5520,neutral
5521,negative
5522,negative
5523,negative
5524,negative
5525,negative
5526,neutral
5527,negative
5528,negative
5529,negative
5530,negative
5531,negative
5532,negative
5533,positive
5534,negative
5535,positive
5536,negative
5537,negative
5538,negative
5539,negative
5540,neutral
5541,negative
5542,negative
5543,positive
5544,negative
5545,negative
5546,neutral
5547,negative
5548,negative
5549,negative
5550,positive
5551,neutral
5552,positive
5553,negative
5554,neutral
5555,negative
5556,negative
5557,negative
5558,negative
5559,negative
5560,negative
5561,negative
5562,neutral
5563,negative
5564,negative
5565,negative
5566,negative
5567,neutral
5568,neutral
5569,negative
5570,negative
5571,negative
5572,neutral
5573,positive
5574,negative
5575,neutral
5576,negative
5577,negative
5578,negative
5579,negative
5580,neutral
5581,negative
5582,negative
5583,negative
5584,negative
5585,negative
5586,negative
5587,negative
5588,negative
5589,negative
5590,negative
5591,neutral
5592,negative
5593,neutral
5594,negative
5595,negative
5596,negative
5597,neutral
5598,neutral
5599,negative
5600,negative
5601,negative
5602,negative
5603,neutral
5604,positive
5605,negative
5606,neutral
5607,negative
5608,negative
5609,negative
5610,negative
5611,negative
5612,positive
5613,negative
5614,negative
5615,negative
5616,negative
5617,negative
5618,negative
5619,negative
5620,negative
5621,negative
5622,negative
5623,positive
5624,positive
5625,negative
5626,negative
5627,negative
5628,negative
5629,negative
5630,positive
5631,negative
5632,neutral
5633,negative
5634,neutral
5635,neutral
5636,negative
5637,negative
5638,negative
5639,negative
5640,negative
5641,neutral
5642,negative
5643,negative
5644,neutral
5645,positive
5646,negative
5647,negative
5648,positive
5649,positive
5650,neutral
5651,neutral
5652,negative
5653,negative
5654,negative
5655,positive
5656,positive
5657,negative
5658,negative
5659,neutral
5660,neutral
5661,negative
5662,negative
5663,positive
5664,neutral
5665,negative
5666,positive
5667,neutral
5668,negative
5669,neutral
5670,negative
5671,neutral
5672,negative
5673,negative
5674,negative
5675,negative
5676,negative
5677,negative
5678,negative
5679,negative
5680,negative
5681,neutral
5682,positive
5683,negative
5684,negative
5685,negative
5686,negative
5687,negative
5688,negative
5689,negative
5690,positive
5691,negative
5692,negative
5693,negative
5694,positive
5695,negative
5696,positive
5697,negative
5698,negative
5699,negative
5700,negative
5701,positive
5702,negative
5703,negative
5704,neutral
5705,neutral
5706,negative
5707,negative
5708,negative
5709,negative
5710,positive
5711,positive
5712,negative
5713,neutral
5714,negative
5715,neutral
5716,negative
5717,neutral
5718,negative
5719,positive
5720,negative
5721,negative
5722,negative
5723,neutral
5724,negative
5725,negative
5726,negative
5727,negative
5728,positive
5729,negative
5730,negative
5731,neutral
5732,neutral
5733,negative
5734,negative
5735,negative
5736,negative
5737,negative
5738,negative
5739,positive
5740,negative
5741,negative
5742,neutral
5743,negative
5744,negative
5745,negative
5746,negative
5747,negative
5748,negative
5749,negative
5750,neutral
5751,neutral
5752,negative
5753,negative
5754,negative
5755,negative
5756,negative
5757,negative
5758,positive
5759,neutral
5760,negative
5761,negative
5762,negative
5763,negative
5764,negative
5765,negative
5766,negative
5767,negative
5768,negative
5769,neutral
5770,negative
5771,negative
5772,negative
5773,negative
5774,negative
5775,neutral
5776,negative
5777,negative
5778,neutral
5779,negative
5780,negative
5781,negative
5782,negative
5783,positive
5784,negative
5785,negative
5786,neutral
5787,negative
5788,negative
5789,negative
5790,negative
5791,negative
5792,negative
5793,negative
5794,negative
5795,neutral
5796,negative
5797,neutral
5798,negative
5799,negative
5800,negative
5801,negative
5802,negative
5803,negative
5804,negative
5805,positive
5806,negative
5807,neutral
5808,positive
5809,negative
5810,positive
5811,negative
5812,negative
5813,negative
5814,negative
5815,negative
5816,negative
5817,negative
5818,negative
5819,negative
5820,neutral
5821,positive
5822,neutral
5823,negative
5824,negative
5825,negative
5826,negative
5827,negative
5828,neutral
5829,negative
5830,positive
5831,negative
5832,negative
5833,negative
5834,negative
5835,neutral
5836,negative
5837,positive
5838,negative
5839,positive
5840,positive
5841,negative
5842,neutral
5843,negative
5844,negative
5845,negative
5846,positive
5847,negative
5848,negative
5849,negative
5850,negative
5851,negative
5852,negative
5853,neutral
5854,negative
5855,negative
